,Unnamed: 0,country,status,gdp,plastic_usage_per_cative,mean of income,tax,population,coeff_prod_before,coeff_prod_after,prod_state,coeff_cons_before,coeff_cons_after,cons_state,full_coeff_prod,full_coeff_cons,full_coeff_prod_num,full_coeff_cons_num,coeff_prod_before_num,coeff_prod_after_num,coeff_cons_before_num,coeff_cons_after_num,time
10,10,Peru,T,7023,11.966416666666666,382361.3333333333,0.03,31711.5,[0.26463853],[0.08362366],Ban/Tax,[0.61320077],[0.27551946],Ban/Tax,[0.26110680354600463],[0.5999465962185331],0.26110680354600463,0.5999465962185331,0.26463853,0.08362366,0.61320077,0.27551946,before
11,11,Poland,T,15468,26.413083333333336,432339.98848208325,0.08,38024.0,[0.65646227],[0.3243614],Ban/Tax,[0.76330816],[0.44301265],Ban/Tax,[0.6441652976058065],[0.7010894687443573],0.6441652976058065,0.7010894687443573,0.65646227,0.3243614,0.76330816,0.44301265,before
23,23,Turkey,T,9121,20.138916666666667,1.5629995833333332,0.045,77166.33333333333,[0.65340367],[0.29946812],Ban/Tax,[0.81793747],[0.45189227],Ban/Tax,[0.6380053487146463],[0.7687432747936589],0.6380053487146463,0.7687432747936589,0.65340367,0.29946812,0.81793747,0.45189227,before
49,49,Jordan,T,4231,12.186833333333334,83028.0,0.08,6768.833333333333,[0.12774029],[0.0443168],Ban/Tax,[0.62970116],[0.29261759],Ban/Tax,[0.08078007261031726],[0.5013322873079191],0.08078007261031726,0.5013322873079191,0.12774029,0.0443168,0.62970116,0.29261759,before
